annee;date_decl;ville_stat;N_INSEE;nom_chev;race;age;sexe;Utilisation;hve1;hvesp;WN;cas;decl,
2010;01.01.2010;BRAY_EN_VAL;45051;DOGE_OCO;63;25;3;1;0;NA;NA;0;1,
2010;01.02.2010;GUERANDE;44069;HERMINE_COTONARD;97;15;1;2;1;0;0;1;1,
2012;01.02.2012;LESIGNY;77249;RIMBAUD;89;3;22;1;0;0;0;0;1,
2007;01.03.2007;ISNEAUVILLE;76377;PECOS;97;4;3;1;0;NA;NA;0;1,
2006;01.04.2006;HOUDEMONT;54265;VAL;97;10;2;NA;0;0;NA;0;1,
2010;01.06.2010;CELLE_LEVESCAULT;86045;QUICK_DE_BOISSY;18;6;2;2;0;1;0;1;1,
2012;01.06.2012;NICORPS;50376;SLONIER;97;2;7;5;NA;NA;NA;0;1,
2008;01.08.2008;FREMAINVILLE;95253;DAISY;18;15;1;4;NA;NA;NA;0;1,
2008;01.11.2008;LE_BROC;63054;LAIOS;97;9;3;4;0;0;0;0;1,
2008;01.12.2008;CLUNY;71137;PATCHANKA;100;4;1;1;0;0;NA;0;1,
2009;02.01.2009;LE_PIN_AU_HARAS;61328;EL_OUASSAL;20;17;2;3;1;0;NA;1;1,
2008;02.02.2008;LE_BOUILLON;61056;PIROUETTE;15;16;1;2;0;NA;NA;0;1,
2010;02.02.2010;BEYNAC;87015;JESSE;NA;9;1;1;0;0;0;0;1,
2011;02.03.2011;LA_TESSOUALLE;49343;SUELTO;75;12;2;4;0;0;0;0;1,
2007;02.04.2007;GONFREVILLE;50208;POUETTE;100;12;1;3;NA;1;NA;1;1,
2012;02.04.2012;MAIZEROY;57431;PIAF_;97;2;31;4;0;0;0;0;1,
2008;02.05.2008;GALLARGUES_LE_MONTUEUX;30123;RUISSO_DE_SAINT_GEORGES;28;3;2;1;NA;NA;NA;0;1,
2010;02.05.2010;MOUSSY_LE_NEUF;77322;BELLA_BRENTANA;90;5;1;NA;0;NA;0;0;1,
2007;02.07.2007;FONTENAY_LE_COMTE;85092;DEAR_LA_LA;97;16;1;1;0;NA;NA;0;1,
2009;02.07.2009;MONTLOUIS_;18152;COQUETTE;15;NA;1;4;0;NA;0;0;1,
2010;02.08.2010;SAINT_LAURENT_DES_HOMMES;24436;PRINCE_DES_BOIS;80;7;3;1;0;0;0;0;1,
2010;02.08.2010;SAINT_OUEN_EN_CHAMPAGNE;72307;PELUCHE;100;5;2;2;0;0;0;0;1,
2009;03.01.2009;SOUMERAS;17432;VANDEC;97;22;2;6;0;0;0;0;1,
2012;03.01.2012;RICHERENCHES;84097;SUKASH;92;2;7;5;0;0;0;0;1,
2009;03.04.2009;BOULOGNE_BILLANCOURT;92012;FLIC_DE_LA_FRESNAY;75;13;2;1;0;0;0;0;1,
2006;03.05.2006;GEFFOSSES;50198;RIVAGE;34;1;3;4;0;NA;NA;0;1,
2011;03.05.2011;JOUY_EN_JOSAS;78322;MIGNONNE_DES_FORETS;116;11;1;5;0;0;0;0;1,
2012;03.05.2012;BREVAL;78107;QATAR;97;2;7;5;0;1;0;1;1,
2012;03.07.2012;PARISOT;81202;IYLDIRIM;1;2;12;4;0;1;0;1;1,
2009;03.08.2009;BELLEGARDE;1033;NUMERO_UN_;97;8;2;1;1;0;0;1;1,
2012;03.08.2012;CAVAILLON;84035;BIMBO;28;3;1.5;3;0;0;0;0;1,
2012;03.09.2012;BOIS_GUILLAUME;76108;MACARENA;100;1;20;1;0;NA;NA;0;1,
2009;03.11.2009;ASPRIERES;12012;MAXWELL;75;9;3;1;0;0;0;0;1,
2008;03.12.2008;GEMENOS;13042;RATZINGER_DE_LA_SORGE;89;3;1;4;1;NA;0;1;1,
2008;04.01.2008;CARENTAN;50099;LORD_VIKING;108;9;3;2;0;NA;0;0;1,
2010;04.03.2010;MONTBRUN_LAURAGAIS;31366;ALOA;18;4;1;4;0;NA;0;0;1,
2009;04.04.2009;CHAMBLY;60139;LADY_CATINA;100;10;1;4;1;0;0;1;1,
2011;04.04.2011;GONNEVILLE_SUR_MER;14305;LUCKY;97;12;2;4;0;0;0;0;1,
2010;04.06.2010;MOYAUX;14460;VENISE_COSTARDIERE;108;1;1;1;0;1;0;1;1,
2012;04.06.2012;IZERNORE;1192;PEPSI;100;1;9;1;0;0;0;0;1,
2007;04.07.2007;FONTENAY_LE_COMTE;85092;CALCINE;97;17;1;1;0;0;NA;0;1,
2010;04.07.2010;SAINT_AUBIN_SUR_GAILLON;27517;N_CLIMAX;NA;0.4;3;1;0;1;0;1;1,
2008;04.08.2008;COUHE_VERAC;86082;SULTAN;15;2;3;3;0;NA;NA;0;1,
2006;04.09.2006;VENOY;89438;FAGEOLLE;75;12;1;4;0;0;NA;0;1,
2011;04.10.2011;NEUVY_AU_HOULME;61308;N10_FREEDONIA;90;1.5;1;3;0;1;0;1;1,
2011;04.11.2011;CHAMARET;26070;JONQUILLE_DE_L_OR;28;14;1;1;NA;NA;NA;0;1,
2011;04.11.2011;LAUZUN;47142;BLUE_A_FUSE;90;NA;1;3;0;0;0;0;1,
2012;04.11.2012;ALERIA;2B009;MAVER_SURA;91;1;9;1;NA;NA;1;1;1,
2008;04.12.2008;MALISSARD;26170;PROVIDENCE;116;5;1;2;0;0;NA;0;1,
2010;04.12.2010;ONS_EN_BRAY;60477;RUBENS;108;5;2;2;0;0;0;0;1,
2009;05.03.2009;LE_BOUILLON;61056;PIVOINE;15;6;1;3;0;1;0;1;1,
2010;05.05.2010;ECOMMOY;72124;DAMZEL;NA;10;1;2;0;NA;0;0;1,
2009;05.08.2009;DAGNEUX_;1142;PHELAL;12;6;2;4;0;0;0;0;1,
2009;05.08.2009;MORAINVILLE_JOUVEAUX;27415;N_POULAIN_DE_JURANDE_;108;0.5;3;3;0;1;0;1;1,
2008;05.09.2008;SAINTE_LIVRADE_SUR_LOT;47252;AMKE;49;0.4;1;NA;0;NA;NA;0;1,
2009;05.11.2009;ARLES;13004;MAESTRO;NA;5;NA;NA;NA;NA;0;0;1,
2010;05.11.2010;PLOUVORN;29210;AMIRAL;108;0.5;3;1;0;1;0;1;1,
2010;05.11.2010;SAINT_GELY_DU_FESC;34255;GOYA;116;24;2;2;0;0;NA;0;1,
2006;05.12.2006;LORGUES;83072;TITUS;15;12;2;NA;0;NA;0;0;1,
2006;05.12.2006;LORGUES;83072;NINA;97;26;1;NA;0;NA;0;0;1,
2010;06.01.2010;LA_GORGUE;59268;GALATANE;108;16;1;1;0;0;NA;0;1,
2009;06.02.2009;SAUXILLANGES;63415;ESPOIR_DE_MELS;10;17;2;3;0;NA;0;0;1,
2009;06.03.2009;SAINT_AUBIN_LE_GUICHARD;27515;TINOROSA;90;30;1;6;0;NA;NA;0;1,
2012;06.03.2012;PEYRAT_DE_BELLAC;87116;TEDDINGTON;98;2;4;5;0;1;NA;1;1,
2011;06.07.2011;LE_PLESSIS_HEBERT;27465;VOYOU;110;3;2;4;NA;NA;NA;0;1,
2007;06.09.2007;REUX;14534;TABORA_VAN_T_HOLLAKEN;98;11;1;NA;NA;0;NA;0;1,
2008;06.09.2008;BREANCON;95102;TORNADE;97;1.5;1;4;0;NA;0;0;1,
2011;06.09.2011;TOURGEVILLE;14701;ALF_PREMIER;NA;NA;NA;2;1;NA;0;1;1,
2006;06.10.2006;VIMOUTIERS;61508;ZABUMBA;92;9;1;NA;0;0;NA;0;1,
2009;06.10.2009;FOULBEC;27260;VALERIANE_POTERIE;108;0.6;1;3;0;NA;0;0;1,
2010;06.10.2010;LE_CAILAR;30059;CAMARGUE;28;4;2;6;1;NA;0;1;1,
2011;06.10.2011;FROMENTAL;87068;NA;NA;NA;NA;NA;NA;NA;NA;0;1,
2009;06.11.2009;GIEVILLE;50202;OUPS_DE_L_HOTEL;90;7;2;1;0;NA;0;0;1,
2012;06.11.2012;GAUVILLE_LA_CAMPAGNE;27282;MERMOZ;97;2;12;NA;0;1;NA;1;1,
2012;06.11.2012;MAGNY_LES_HAMEAUX;78356;PRIAMOS_D_ARMANVILLE;NA;2;NA;5;1;0;NA;1;1,
2009;07.01.2009;MONTENDRE;17240;TOLEDO_DE_CHARLES;108;1.5;3;2;0;0;0;0;1,
2009;07.01.2009;TROUILLAS;66217;BRINDILLE;18;15;1;1;0;0;0;0;1,
2011;07.01.2011;MEILLANT;18142;NO_NAME_1_;98;0.8;3;3;0;1;0;1;1,
2011;07.02.2011;AGNEZ_LES_DUISANS;62011;NARINA_DU_GY;75;9;1;1;1;NA;NA;1;1,
2011;07.02.2011;AGNEZ_LES_DUISANS;62011;QUICK_D_AVRIL;75;7;2;4;1;NA;NA;1;1,
2006;07.03.2006;DOZULE;14229;QUICHERAT_QUISAS;108;2;3;3;1;0;NA;1;1,
2008;07.03.2008;SAINT_OUEN_EN_CHAMPAGNE;72307;LADY_BIRD_FAST;18;3;1;3;0;0;NA;0;1,
2012;07.03.2012;INGUINEL;56089;TACOMA;91;1;16;4;0;1;0;1;1,
2012;07.03.2012;MOULES_ET_BAUCELS;34174;HINDI;116;1;17;4;0;0;0;0;1,
2006;07.04.2006;IGE;61207;DEESSE;108;15;1;4;NA;NA;NA;0;1,
2012;07.04.2012;OTTONVILLE;57530;FOXY_LADY;97;1;2;NA;0;1;NA;1;1,
2007;07.05.2007;CREANCES;50151;ABELAR;7;5;2;4;NA;NA;NA;0;1,
2008;07.05.2008;MAIZEROY_CHEVILLON;57431;IDOLE;75;16;1;4;0;NA;NA;0;1,
2008;07.05.2008;SANRY_SUR_NIED;57627;LEILA;17;9;1;4;0;NA;NA;0;1,
2008;07.06.2008;AIRAN;14005;TOMMY;108;1.5;NA;3;1;NA;NA;1;1,
2010;07.06.2010;BEDARIEUX;34028;UTOPIA;75;2;1;4;1;0;0;1;1,
2012;07.06.2012;GIEL_COURTEILLES;61189;PETITE_OURS;86;1;7;3;0;1;0;1;1,
2009;07.09.2009;ROUTOT (ST_PAUL);27500;GALAXIE_DES_RAYEUX;97;15;1;NA;0;NA;0;0;1,
2006;07.11.2006;ETREHAM;14256;COQUETRY;90;6;1;NA;NA;NA;NA;0;1,
2010;07.11.2010;AIGUES_MORTES;30003;CALIENTE;89;8;2;2;0;1;0;1;1,
2012;07.11.2012;SEVRES;92072;MISSTIC;111;1;12;1;0;0;0;0;1,
2012;07.12.2012;AUNOU_SUR_ORNE;61015;ZAFONIA;90;1;NA;3;1;0;3;1;1,
2008;08.01.2008;BIEVILLE_QUETIEVILLE;14527;IPSOS_DE_PITZ;108;12;3;NA;1;NA;0;1;1,
2008;08.01.2008;BIEVILLE_QUETIEVILLE;14527;N08/FAC_DE_PITZ;108;NA;3;NA;1;NA;NA;1;1,
2008;08.01.2008;BIEVILLE_QUETIEVILLE;14527;N08/ITALIA_DE_PITZ;108;NA;1;NA;1;NA;NA;1;1,
2008;08.01.2008;BIEVILLE_QUETIEVILLE;14527;ROCQUEUR_DANOVEUR;108;3;3;NA;1;NA;NA;1;1,
2008;08.01.2008;BIEVILLE_QUETIEVILLE;14527;SO_LOVE;108;NA;3;NA;1;NA;NA;1;1,
2011;08.01.2011;AUBAGNE;13005;PRICELESS;97;8;2;5;0;0;0;0;1,
2012;08.01.2012;NULLEMONT;76479;BILOUTE_DU_BOULOIS;108;1;0.9;2;0;1;0;1;1,
2007;08.02.2007;HEILLES;60307;POLKA;97;0.5;1;4;NA;NA;0;0;1,
2007;08.02.2007;LES_EPESSES;85082;TANGO_L;89;5;2;6;1;0;0;1;1,
2008;08.03.2008;WITTRING;57748;NIGHTY_NIGHT;113;9;1;1;0;NA;NA;0;1,
2008;08.04.2008;TALMAS;80746;PONEY;100;NA;NA;4;0;1;NA;1;1,
2010;08.06.2010;BEDARIEUX;34028;UNIQUE;NA;NA;NA;1;0;0;0;0;1,
2010;08.06.2010;BEDARIEUX;34028;URIELLE;NA;NA;NA;1;0;0;0;0;1,
2011;08.07.2011;TERMES;8441;HAZURE_DEGRANI_PONDI;37;16;1;3;0;0;0;0;1,
2012;08.07.2012;LE_PUY_SAINT_REPARADE;13080;AFRICAAN_ROYAL;74;1;11;5;0;0;0;0;1,
2007;08.08.2007;VARENNES_JARCY;91631;SYMPHONIE;97;1;1;NA;1;NA;NA;1;1,
2012;08.08.2012;CALAIS;62193;ANE;22;3;0.5;1;0;0;0;0;1,
2009;08.09.2009;CRUGUEL;56051;SITOUNE_DE_LA_POINTE;15;3;3;4;0;NA;0;0;1,
2010;08.10.2010;BOISSY_SAINT_LEGER;94004;QUALEANE_MAISON_NEUIVE;35;6;1;2;0;0;0;0;1,
2012;08.10.2012;MAUSSANE_LES_ALPILLES;13058;SALTARIN_X;NA;3;NA;4;0;0;0;0;1,
2010;08.12.2010;MOYON;50363;UGO_DE_MOYON;97;2;2;1;0;1;0;1;1,
2011;08.12.2011;PESCHADOIRES;63276;ANAKIN_LA_TUILERIE;97;2;3;1;0;1;0;1;1,
2008;09.01.2008;LOURY;45188;KALIPSO;116;10;2;4;NA;NA;NA;0;1,
2011;09.01.2011;SCAER;29274;EDEN;NA;19;2;4;0;0;0;0;1,
2011;09.02.2011;BOISSERON;34033;MELTEMI;91;12;1;3;1;0;0;1;1,
2011;09.05.2011;LA_ROCHE_SUR_YON;85191;QUADRILLE_DU_JOUR;NA;NA;1;4;0;0;0;0;1,
2006;09.06.2006;SAINT_CHRISTOPHE_DES_BOIS;35260;NICOBA;97;5;1;5;0;NA;NA;0;1,
2011;09.06.2011;LE_MESNIL_VILLEMAN;50326;CARLIN;86;21;2;4;0;0;NA;0;1,
2012;09.06.2012;LA_VALLEE;17455;MONGUILHEM;90;3;3;2;0;1;0;1;1,
2009;09.07.2009;GENISSIEUX;26139;BRIGAND;97;19;2;4;0;NA;0;0;1,
2009;09.08.2009;GERMOND_ROUVRE;79133;SISTER_SABRE;90;3;1;3;0;0;NA;0;1,
2006;09.10.2006;HERBIGNAC;44072;HARRY;75;17;2;4;0;NA;NA;0;1,
2009;09.10.2009;MONTMURAT;15133;DURGA;75;16;1;4;1;0;NA;1;1,
2011;09.10.2011;GUERANDE;44069;FILOU_DES_MOYEUX;NA;18;2;1;0;0;0;0;1,
2009;09.12.2009;ANCERVILLERS;54014;ISABEAU;116;13;2;1;0;0;0;0;1,
2009;09.12.2009;DAMMARIE_LES_LYS;77152;ESPOIR_DE_LONGCHAMP;97;17;2;3;0;0;0;0;1,
2008;10.01.2008;ENTRAIGUES;63149;PONPON;100;8;2;4;0;NA;NA;0;1,
2008;10.01.2008;NANTES;44109;MARIE_NOELLE;108;NA;1;NA;NA;NA;NA;0;1,
2009;10.01.2009;ADELANGE;57008;EMSA;71;7;1;4;0;0;0;0;1,
2010;10.01.2010;LONGEVILLE_LES_SAINT_AVOLD;57413;PHARAON;97;29;2;2;0;1;NA;1;1,
2009;10.02.2009;SAINT_LAURENT_D_AIGOUZE;30276;U;28;1;1;4;0;NA;NA;0;1,
2011;10.02.2011;CHATENET;17095;BLONDIE_DE_NADOU;116;22;1;4;0;0;0;0;1,
2007;10.03.2007;PONT_L_EVEQUE;14514;FAUST;53;15;2;5;1;0;NA;1;1,
2008;10.03.2008;GRAMAT;46128;OPHELYA;10;12;1;3;0;0;NA;0;1,
2010;10.03.2010;SAINT_GEORGES_DU_ROSAY;72281;PETIT_PRINCE;100;6;2;2;0;0;0;0;1,
2011;10.03.2011;VAUVERT;30341;ATKA_des_ISCLES;28;1;1;4;0;NA;NA;0;1,
2007;10.04.2007;GOUSTRANVILLE;14308;TROGEN;86;20;2;6;0;NA;NA;0;1,
2010;10.05.2010;CLERMONT_FERRAND;63113;TYR;97;3;2;2;NA;NA;NA;0;1,
2008;10.06.2008;TAIZE_AIZIE;16378;OROSE_DE_L_AGE;17;6;1;3;0;NA;NA;0;1,
2011;10.06.2011;MOYON (NA);50363;PARADE_DE_France;108;8;1;3;0;1;NA;1;1,
2010;10.07.2010;COURTHEZON;84039;JESSIE_LOVE;97;13;1;4;NA;0;NA;0;1,
2007;10.09.2007;JOUE_DU_BOIS;61209;NOISETTE;15;14;1;4;NA;NA;NA;0;1,
2007;10.10.2007;ARGILLIERS;30013;QUEIRROS;16;2;2;NA;NA;NA;NA;0;1,
2007;10.10.2007;SAINT_GREGOIRE;35278;PRUNE;26;4;1;4;NA;NA;NA;0;1,
2007;10.10.2007;SAINT_SIFFRET;30299;PHOENIX;97;4;2;1;NA;NA;NA;0;1,
2012;10.10.2012;GAMBAIS;78263;DADDY;116;2;3;5;NA;NA;NA;0;1,
2012;10.10.2012;GAMBAIS;78263;ISAAK;NA;2;4;5;NA;NA;NA;0;1,
2012;10.10.2012;GAMBAIS;78263;TOMMY;116;2;4;5;NA;NA;NA;0;1,
2012;10.10.2012;GAMBAIS;78263;VITALINE;116;1;7;5;NA;NA;NA;0;1,
2012;10.10.2012;LAMORLAYE;60346;PETIT_PIED;10;2;9;2;NA;NA;0;0;1,
2007;10.11.2007;FOISSAC;12104;SOPHIA;65;23;1;4;0;0;NA;0;1,
2007;10.12.2007;AUPS;83007;INES;5;11;1;3;NA;NA;NA;0;1,
2008;10.12.2008;ARNAC_POMPADOUR;19011;CASTELBUONO;90;2;3;2;0;0;0;0;1,
2008;10.12.2008;LUPPY;57425;MELYSA;116;30;1;4;0;0;0;0;1,
2007;11.01.2007;VERSAILLES;78646;POULAIN_PAR_DJEL_BON_ET_KHADIJA;91;2;3;3;NA;NA;NA;0;1,
2008;11.01.2008;MOMERSTROFF;57471;ETNA;97;16;1;4;0;NA;NA;0;1,
2008;11.03.2008;LESSARD_ET_LE_CHENE;14362;RIVIERE_D_AZUR;108;2;1;3;1;0;NA;1;1,
2008;11.04.2008;LATTES;34129;REVISTERO_DE_FANGOUS;28;3;3;3;0;NA;NA;0;1,
2008;11.04.2008;MAGNE;79162;L_INDIENNE_D_IRLEAU;97;9;1;3;1;NA;NA;1;1,
2012;11.05.2012;SOUVANS;39520;INDE_COSMIQUE;97;1;12;1;0;0;NA;0;1,
2010;11.09.2010;LOCUNOLE;29136;JANILENE;97;13;1;2;0;0;0;0;1,
2010;11.10.2010;SAINT_AUBIN_SUR_GAILLON;27517;IMPY;97;0.5;NA;1;0;1;NA;1;1,
2011;11.10.2011;SAINT_AMANCET;81237;POLKA_DE_CAUNELLE;37;8;1;3;0;0;0;0;1,
2012;11.10.2012;VEZELISE;54563;INUSUAL;89;3;8;2;0;0;0;0;1,
2007;11.11.2007;COUDRAY_RABUT;14185;IRREEL;90;12;1;3;NA;NA;NA;0;1,
2007;11.11.2007;MARANGE_ZONDRANGE;57444;HIPPLE;82;34;2;6;0;NA;NA;0;1,
2011;11.11.2011;THONVILLE;57673;ODIN_;NA;32;2;4;0;0;0;0;1,
2009;12.03.2009;ALENCON;61001;GINI;18;14;1;1;NA;NA;NA;0;1,
2009;12.03.2009;ANNET_SUR_MARNE;77005;ROMEO;101;NA;3;4;0;0;0;0;1,
2009;12.04.2009;MAISONS_LAFFITTE;78358;KERANTZAUPIE_DU_DORAT;97;11;1;1;0;0;0;0;1,
2011;12.04.2011;LA_SEYNE_SUR_MER;83126;BIMBO;75;15;2;1;0;0;0;0;1,
2011;12.04.2011;LE_MESNIL_THOMAS;28248;ARCY_CUTTER_KING;92;13;1;3;1;0;NA;1;1,
2011;12.05.2011;LE_PIN;77363;STETSON;116;14;1;1;1;0;NA;1;1,
2008;12.06.2008;SERMAISE;91593;HUGO;97;13;2;1;0;NA;NA;0;1,
2011;12.09.2011;NOVES;13066;PIE;75;4;2;5;0;1;0;1;1,
2008;12.10.2008;ARNAC_POMPADOUR;19011;POULAIN;10;2;3;2;0;1;0;1;1,
2010;12.10.2010;SANDRANS;1393;LAMPIRIS;90;18;2;4;0;0;0;0;1,
2010;12.10.2010;SANDRANS;1393;ZAMPIRIS;90;18;2;1;0;0;NA;0;1,
2011;12.10.2011;FONTAINE_LA_MALLET;76270;INDIANA;NA;NA;NA;4;0;0;0;0;1,
2008;12.11.2008;GUERARD;77219;JASMINE;75;20;1;4;1;0;0;1;1,
2009;12.11.2009;LA_CHAPELLE_HERMIER;85054;MORTIMER;NA;5;3;3;0;0;0;0;1,
2009;12.11.2009;LE_BEAUSSET;83016;POLY;100;7;2;1;0;NA;0;0;1,
2008;12.12.2008;LIEUREY;27367;URANIE;26;0.7;1;3;0;NA;0;0;1,
2009;13.01.2009;ROQUEVAIRE;13086;OURAGAN_;15;5;2;4;0;1;NA;1;1,
2010;13.01.2010;LE_MENIL_DE_BRIOUZE;61260;UNDULLY;97;1;3;4;0;0;0;0;1,
2012;13.01.2012;SAINT_SULPICE_DE_GRIMBOUVILLE;27604;MANOU;86;1;12;1;0;0;NA;0;1,
2007;13.03.2007;MULSANNE;72213;N_MARILLANA;108;0.5;3;NA;0;NA;NA;0;1,
2011;13.04.2011;BOISSY_SAINT_LEGER;94004;VENEON;108;1;3;2;0;0;0;0;1,
2010;13.06.2010;COUERON;44047;DREAM_TEAM;90;16;1;4;1;0;0;1;1,
2006;13.07.2006;SENLISSE;78590;LLORDA;10;13;1;NA;NA;NA;NA;0;1,
2010;13.07.2010;MISSILLAC;44098;SECOND_SCHEDUAL;91;25;2;6;0;0;0;0;1,
2011;13.07.2011;BERNOS_BEAULAC;33046;BLITZ;97;0.2;1;1;0;1;NA;1;1,
2011;13.07.2011;NIEUIL;16245;FELIN_D_AURIOU;108;18;2;4;0;0;0;0;1,
2012;13.08.2012;LOUAN-VILLEGRUIS-FONTAINE;77262;NUAGE_DE_CREPON;108;2;11;4;0;0;NA;0;1,
2012;13.08.2012;LOUAN-VILLEGRUIS-FONTAINE;77262;ROCKEUR;75;2;7;4;0;0;NA;0;1,
2010;13.10.2010;SAINT_DENIS_LES_REBAIS;77406;ECLAIR;18;18;2;2;0;0;0;0;1,
2010;13.11.2010;ENTRAIGUES_SUR_LA_SORGUE;84043;ITALIENNE;18;12;1;4;0;0;0;0;1,
2012;13.11.2012;SAULX_LES_CHARTREUX;91587;DAME_BLANCHE;98;1;10;1;NA;NA;NA;0;1,
2006;13.12.2006;NERAC;47195;NAMIB;10;NA;2;NA;0;NA;NA;0;1,
2012;13.12.2012;CABANNES;13018;BOLEE_DE_SAINT_PIERRE;5;1;1;4;0;1;0;1;1,
2010;14.01.2010;AIXE_SUR_VIENNE;87001;OLYMPE_DE_QUEEN;97;7;1;4;1;0;0;1;1,
2011;14.01.2011;MESSEY_SUR_GROSNE;71296;SALEM_DE_MESSEY;12;5;2;1;0;0;0;0;1,
2011;14.02.2011;BOSC_GUERARD_SAINT_ADRIEN;76123;GALANT;97;NA;2;4;0;0;0;0;1,
2009;14.03.2009;MONTIGNY_SUR_LOING;77312;BONO_DU_LOING;98;3;2;2;0;NA;0;0;1,
2011;14.03.2011;LA_TESTE_DE_BUCH;33529;NOSGIN;90;2;3;2;0;0;0;0;1,
2011;14.04.2011;BETTON;35024;PRINTANIA;91;15;1;5;0;0;0;0;1,
2009;14.05.2009;ISSOUDUN;36088;BLANCHE;75;4;1;1;0;NA;0;0;1,
2009;14.05.2009;ISSOUDUN;36088;NOIRE;75;4;1;1;0;NA;0;0;1,
2010;14.09.2010;LA_NEUVILLE_CHANT_D_OISEL;76464;GRINGO;49;16;2;2;0;0;0;0;1,
2012;14.09.2012;FOURQUES;30117;THALIA;63;1;5;4;NA;NA;0;0;1,
2012;14.11.2012;ALTVILLER;57015;QUOZAK;NA;2;NA;4;0;0;0;0;1,
2012;14.12.2012;SAINT_GERMAIN_EN_LAYE;78551;IRVY;NA;2;17;1;NA;NA;NA;0;1,
2012;14.12.2012;SAINT_GERMAIN_EN_LAYE;78551;PIROUETTE;NA;1;9;1;NA;NA;NA;0;1,
2012;14.12.2012;SAINT_GERMAIN_EN_LAYE;78551;QUESTION;NA;1;7;1;NA;NA;NA;0;1,
2010;15.01.2010;LANDREMONT;54294;FIDJI;75;15;2;2;0;0;0;0;1,
2011;15.01.2011;ENNERY;95211;NINO_du_SAUSSEY;116;10;2;1;1;1;0;1;1,
2010;15.02.2010;VITRY_AUX_LOGES;45346;ANGEL_KISS_GO_GO;92;3;1;4;0;NA;0;0;1,
2012;15.02.2012;TREGLONOU;29290;FEU_FOLET;NA;2;19;1;1;0;NA;1;1,
2008;15.05.2008;ARLES (SALIN_DE_GIRAUD);13004;TANGO_FIRST;16;4;2;1;0;0;NA;0;1,
2009;15.05.2009;TOMBLAINE;54526;PEPSINE;97;28;1;4;0;0;0;0;1,
2011;15.06.2011;BRICQUEVILLE;14107;N11_NARIANNE;108;0.5;1;3;NA;NA;NA;0;1,
2008;15.07.2008;LES_GONDS;17179;TOPAZE_DE_RE;22;0.8;1;4;NA;NA;NA;0;1,
2008;15.07.2008;POIROUX;85179;TISSAO;89;1;3;3;0;NA;NA;0;1,
2012;15.11.2012;LES_BREVIAIRES;78108;TANGO;NA;2;26;4;0;1;NA;1;1,
2010;15.12.2010;ARTHON_EN_RETZ;44005;FIDJI_D_AVRIL;97;17;2;2;0;0;0;0;1,
2009;16.01.2009;LANNILIS;29117;QUIDDITCH;97;5;2;2;0;0;0;0;1,
2012;16.01.2012;COULONCE;61123;N11_MISS_IF_DE_JUPEAU;108;3;0.9;3;0;1;0;1;1,
2009;16.02.2009;CREHANGE;57159;TAIGA;97;23;1;4;0;0;0;0;1,
2009;16.04.2009;PONTCHATEAU;44129;BIMBO;18;NA;NA;1;0;1;0;1;1,
2009;16.04.2009;PONTCHATEAU;44129;CHAUSSETTE;18;9;1;1;0;0;0;0;1,
2010;16.04.2010;REMY;60531;MURMURE_DU_COTINE;97;10;2;4;0;1;0;1;1,
2011;16.04.2011;CHATILLON_LE_DUC;25133;HALVA;18;16;1;3;0;1;0;1;1,
2011;16.08.2011;BEAURECEUIL;13012;NIKITO_DE_LAVAUD;97;10;2;1;0;0;0;0;1,
2011;16.08.2011;FOISSIAT;1163;AILANAH;97;1;1;3;0;1;0;1;1,
2012;16.10.2012;SAINT_HILAIRE_AU_TEMPLE;51485;FAROUCHE;75;2;19;4;NA;NA;NA;0;1,
2006;16.11.2006;FUMICHON;14293;ARMINIA;NA;0.5;1;NA;NA;NA;NA;0;1,
2006;16.11.2006;SAVIGNY_SUR_ORGE;91589;RENOIR;18;23;2;4;1;0;NA;1;1,
2009;16.11.2009;GUERANDE;44069;QUIMBA_DES_CHOUANS;111;5;1;1;0;0;0;0;1,
2008;16.12.2008;SAINT_ETIENNE_SUR_CHALARONNE;1351;ROMANCE;97;3;1;3;0;0;0;0;1,
2011;16.12.2011;NOUSSEVILLER_SAINT_NABOR_;57514;INCHALLAH;20;NA;1;0;0;0;0;0;1,
2006;17.01.2006;DRUCOURT;27207;TRUFFE;18;17;1;1;1;NA;2;1;1,
2009;17.01.2009;JUVIGNY_SUR_SEULLES;14348;PONETTE_POTTOCK;88;4;1;4;0;0;0;0;1,
2012;17.01.2012;SAINT_AUBIN_DE_MEDOC;33376;RAGTIME;54;1;7;5;0;0;0;0;1,
2012;17.02.2012;SAINT_HILAIRE_DES_LANDES;35280;N12_MAJORQUE_D_AHAUT;26;1;0.1;3;0;0;0;0;1,
2012;17.04.2012;CANET;34051;SALEM_DE_VAULPIAC;NA;3;6;4;0;1;0;1;1,
2010;17.05.2010;LE_DRENNEC;29047;VAIRA;86;1;1;1;0;1;0;1;1,
2010;17.05.2010;PLOUBALAY;22209;JOLIE;26;13;1;1;0;0;0;0;1,
2011;17.05.2011;LES_AULNEAUX;72015;FLAMBEUR_D_AMAIN;97;18;2;4;0;0;0;0;1,
2008;17.06.2008;ARLES_SUR_TECH;66009;FLAMY;116;20;2;4;0;NA;NA;0;1,
2010;17.06.2010;COUERON;44047;USHUAIA;97;2;1;4;1;0;NA;1;1,
2007;17.07.2007;HALLERING;57284;VENUS;97;20;1;4;0;NA;NA;0;1,
2008;17.07.2008;AUBAGNE;13005;LITTLE;NA;NA;NA;1;NA;NA;NA;0;1,
2009;17.07.2009;GRAVELINES;59273;GALANTE_DU_RAMEAU;97;15;1;1;1;0;NA;1;1,
2009;17.07.2009;GRAVELINES;59273;GAYLORD_EL_VTRIR;10;15;2;1;1;0;NA;1;1,
2009;17.07.2009;GRAVELINES;59273;GENIE_DES_BRIEFFES;10;15;1;1;1;0;NA;1;1,
2007;17.09.2007;MAINVILLIERS;57430;GRABLESI;59;22;2;4;0;NA;NA;0;1,
2006;17.11.2006;BOIS_LE_ROI;77037;KUKENAN;75;7;NA;1;NA;NA;NA;0;1,
2008;17.11.2008;LA_HERLIERE;62434;PALADIN_DE_CORDAY;108;5;3;2;0;0;0;0;1,
2008;17.11.2008;LA_HERLIERE;62434;SANTIAGO;117;2;3;2;0;0;0;0;1,
2012;17.11.2012;SAINVILLE;28363;KING_DES_FONTAINES;NA;NA;NA;4;0;1;NA;1;1,
2007;17.12.2007;COMPOLIBAT;12071;NABILA;91;15;1;4;NA;NA;NA;0;1,
2008;17.12.2008;ECHILLAIS;17146;ULTIANO_DE_L_AUBREE;97;0.6;3;1;0;NA;0;0;1,
2012;17.12.2012;LESSARD_ET_LE_CHENE;14362;INOSA_DU_CHENE;108;1;17;3;0;0;NA;0;1,
2008;18.02.2008;FLEURY_SUR_ORNE;14271;SIRE_DES_CHAMPS;108;2;3;3;0;NA;NA;0;1,
2010;18.03.2010;L_HOPITAL;57336;CAID;18;20;NA;6;0;0;0;0;1,
2011;18.03.2011;ANDRES;62031;JACKSON;75;12;3;4;0;0;0;0;1,
2007;18.04.2007;TAUXIGNY;37254;IGOYA;108;25;1;1;0;NA;NA;0;1,
2010;18.06.2010;HYERES;83069;CAVALE;18;11;1;4;0;0;0;0;1,
2010;18.06.2010;NEIRAC;47195;FLEUR_DE_PAIL;97;17;1;3;0;0;0;0;1,
2010;18.10.2010;HERIC;44073;FIDJIE;75;5;1;2;1;0;0;1;1,
2011;18.10.2011;MARCY_L_ETOILE;69127;NOZ;108;10;1;3;0;0;0;0;1,
2012;18.10.2012;LA_BACHELLERIE;24020;THE_LAND_DANOBER;108;2;5;4;0;NA;NA;0;1,
2009;18.11.2009;ASNANS_BEAUVOISIN;39022;LOULETTE_DU_PAROLAIS;18;10;1;4;0;1;0;1;1,
2011;18.11.2011;VENDAYS_MONTALIVET;33540;OCEAN_DE_CASA;97;16;2;4;0;0;0;0;1,
2006;18.12.2006;GUERARD;77219;ROMEO;10;1.5;3;3;0;0;NA;0;1,
2010;19.01.2010;CHANTILLY;60141;KINGS_WORLD;90;3;3;4;0;1;0;1;1,
2012;19.01.2012;SAINT_HIPPOLYTE;66176;HENRI;46;3;0.8;2;0;1;0;1;1,
2010;19.02.2010;LIGUEIL;37130;NESCHUA;65;9;4;2;0;0;0;0;1,
2008;19.03.2008;THIERS;63430;ISIS;97;11;1;3;0;NA;NA;0;1,
2012;19.03.2012;ROUHLING;57598;NOBODY;16;NA;32;4;0;0;0;0;1,
2006;19.04.2006;LISORES;14368;HIBA;90;1;1;3;NA;NA;NA;0;1,
2012;19.05.2012;MAGNAN;10213;ULRIKE_VD_BEEKHOEVE;100;1;8;3;0;0;0;0;1,
2006;19.06.2006;JEUXEY;88253;EPSILON;NA;NA;NA;NA;0;0;NA;0;1,
2010;19.07.2010;PLOUER_SUR_RANCE;22213;PENELOPE;108;7;1;1;0;0;0;0;1,
2011;19.07.2011;SUCY_EN_BRIE;94071;NEWS_ISIS;75;15;1;1;0;1;0;1;1,
2012;19.07.2012;FLEURE;61170;N12_JALBA_DU_PONT;108;NA;0.4;3;0;1;0;1;1,
2009;19.08.2009;LUMBRES;62534;TAQUINE_DU_NOCQ;97;2;1;4;0;0;NA;0;1,
2011;19.10.2011;NONANT_LE_PIN;61310;N11_LA_STAR;108;0.6;1;3;0;1;0;1;1,
2012;19.11.2012;TREVES;69252;BLOUM;11;2;1.5;3;0;0;0;0;1,
2009;20.01.2009;MAISONS_LAFFITTE;78358;LANA;97;10;1;1;0;0;0;0;1,
2010;20.01.2010;LEGE;44081;MIRABELLE;NA;22;1;2;NA;NA;NA;0;1,
2011;20.02.2011;SAUMUR;49328;LYNDON_DU_SERIEN;97;12;3;5;0;NA;0;0;1,
2007;20.03.2007;HEUGON;61205;MAGIC_DAWN;90;13;1;NA;0;1;NA;1;1,
2012;20.03.2012;SAINTE_FOY_DE_MONTGOMMERY;14576;SUPERSOURIS;90;1;12;3;0;1;0;1;1,
2008;20.04.2008;SAVIGNE_L_EVEQUE;72329;TERRE_DE_SABLE;90;1;1;3;0;0;NA;0;1,
2011;20.04.2011;SAINT_GEORGES_D_AURAC;43188;LITCHY_DE_LA_MORGE;28;12;1;4;0;0;NA;0;1,
2011;20.04.2011;TRITTELING;57679;RANTANPLAN_;75;6;2;4;0;1;0;1;1,
2012;20.04.2012;MALEMORT_DU_COMTAT;84070;INSOLITE;37;2;15;4;NA;NA;NA;0;1,
2010;20.07.2010;LA_CADIERE_D_AZUR;83027;BICHETTE;18;18;1;2;0;1;0;1;1,
2011;20.07.2011;RANCE;1318;RAMBO;97;6;2;5;0;1;0;1;1,
2008;20.09.2008;VAUDREMONT;52506;PATCHOULIE_DES_MONTS;NA;NA;2;3;0;NA;NA;0;1,
2009;20.09.2009;PONTCHATEAU;44129;GEPETO;18;8;2;1;0;NA;0;0;1,
2012;20.11.2012;BAGES;66011;CARAMEL;75;2;2;1;0;1;0;1;1,
2012;20.11.2012;CABANNES;13018;MAMOUR_DES_PLACES;86;2;NA;5;0;0;0;0;1,
2012;20.11.2012;VILLEPREUX;78674;HULLA;NA;1;NA;4;NA;NA;NA;0;1,
2010;20.12.2010;QUESQUES;62678;AS_DE_FLEURAC;108;0.7;3;1;0;0;0;0;1,
2007;21.01.2007;PLANIOLES;46221;LUCIFER;65;8;2;4;0;NA;NA;0;1,
2009;21.01.2009;MALISSARD;26170;PROVIDENCE;116;6;1;2;1;0;NA;1;1,
2006;21.04.2006;PORTBAIL;50412;QSAR_DE_LOZON;97;2;3;3;0;1;NA;1;1,
2009;21.04.2009;CAPDEMAC_PORT;46055;POULICHE_D_OSEILLE;108;0.2;1;3;0;0;NA;0;1,
2009;21.04.2009;VATIMONT;57698;DELTA_DES_SAULES;97;18;2;4;NA;NA;NA;0;1,
2009;21.06.2009;VILLENEUVE;1446;OASIS_DE_CARTIGNY;97;4;2;4;0;1;0;1;1,
2010;21.06.2010;FLEURY_EN_BIERE;77185;KORRIGAN;17;11;1;2;0;0;0;0;1,
2010;21.06.2010;VITRY_AUX_LOGES;45346;PETILLE;116;7;1;4;NA;NA;NA;0;1,
2011;21.06.2011;AUNOU_SUR_ORNE;61015;N11_KNOW_HOW;108;0.4;3;3;0;1;0;1;1,
2008;21.08.2008;BRUX;86039;RAKAM;34;3;3;3;0;NA;NA;0;1,
2011;21.09.2011;VILLENEUVE_SUR_VERBERIE (YVILLERS);60680;NICE_WINNING;97;0.4;1;3;0;1;0;1;1,
2008;21.10.2008;FAULQUEMONT;57209;TORRENTE;75;7;3;1;0;NA;0;0;1,
2008;21.10.2008;SAINT_ISMIER;38397;GOLD;116;14;2;5;0;0;NA;0;1,
2011;21.12.2011;SURRAIN;14681;CANADA_DE_DRY_Z;116;3;1;3;0;0;0;0;1,
2012;21.12.2012;BAZAS;33036;QUITUS;108;2;8;4;NA;NA;NA;0;1,
2012;22.01.2012;LESIGNY;77249;VAMBOREE;108;1;25;4;0;1;0;1;1,
2008;22.02.2008;ALES;30007;JYLLAND;97;10;2;1;0;NA;NA;0;1,
2009;22.03.2009;LA_COCHERE;61110;KERATINE;108;11;1;3;0;0;0;0;1,
2011;22.04.2011;ARGANCY_;57028;ROI;116;12;2;4;0;0;0;0;1,
2007;22.06.2007;FRANCHEVILLE;69089;DANCEUR;97;16;2;1;1;NA;NA;1;1,
2010;22.09.2010;LESIGNY;77249;JOCARIST_DE_LA_PIERRE;97;13;2;2;0;0;0;0;1,
2010;22.10.2010;FLAVIN;12102;AARON_DE_TERRAL;97;0.6;3;1;0;0;0;0;1,
2012;22.10.2012;CONDE_SUR_VESGRE;78171;EMBALADJ;NA;2;17;4;NA;NA;NA;0;1,
2006;22.11.2006;SERRES_CASTET;64519;MOSAKA_D_AIRY;75;6;1;NA;1;0;NA;1;1,
2012;23.01.2012;THOURIE;35335;CLISSA;90;1;6;2;0;1;NA;1;1,
2007;23.02.2007;AYHERRE;64086;BERHETA;17;1;3;2;NA;NA;NA;0;1,
2012;23.02.2012;BOUEE;44019;NASTASIA_DES_ROCHES;97;1;11;4;NA;NA;NA;0;1,
2006;23.03.2006;LEYVILLER;57398;JUAN;75;9;2;5;NA;NA;NA;0;1,
2009;23.03.2009;RONEL;81226;OLIG_D_ALM;97;7;1;2;0;0;0;0;1,
2010;23.03.2010;PICAUVILLE;50400;N09_ONLY;108;1;3;1;0;1;NA;1;1,
2008;23.05.2008;TAIZE_AIZIE;16378;NANOU_6;17;7;1;3;0;NA;NA;0;1,
2010;23.06.2010;SAINTE_LUCE_SUR_LOIRE;44172;QUEEN_DE_LA_BOTTE;97;6;1;4;0;0;0;0;1,
2010;23.06.2010;VIENNE_EN_VAL;45335;RAVISSANTE;97;3;1;1;NA;NA;NA;0;1,
2011;23.06.2011;MARCY_L_ETOILE;69127;LELIO_DU_PRESCH;63;12;2;4;0;1;NA;1;1,
2010;23.08.2010;BALAN;1027;NOUBA_DE_BROUT;97;9;1;4;0;0;0;0;1,
2009;23.09.2009;BOLLEVILE;76115;KEEN;86;10;2;1;0;0;0;0;1,
2010;23.11.2010;LES_ETANGS;57200;OTTA_DE_GRAMONT;59;30;1;2;0;0;0;0;1,
2010;23.11.2010;QUESTEMBERT;56184;JAPPELOU;18;13;2;4;0;0;0;0;1,
2010;23.11.2010;QUESTEMBERT;56184;JOLIE_ROSE;18;13;1;4;0;0;0;0;1,
2010;23.11.2010;QUESTEMBERT;56184;LORELEI;18;13;1;4;0;1;NA;1;1,
2007;24.01.2007;CHAMBLAC;27138;ADVIGE;15;15;1;3;0;0;NA;0;1,
2012;24.01.2012;MARCHEMAISONS;61251;ELIOTT_MC;98;3;3;5;0;0;0;0;1,
2011;24.02.2011;FONTENAY_SOUS_BOIS;94033;EDEN_ALEST;97;18;2;4;1;0;0;1;1,
2006;24.03.2006;SAINT_LO;50502;QUILIANE_DE_TAUTE;97;2;1;3;NA;NA;NA;0;1,
2011;24.03.2011;ALEMBON;62020;VINCI;37;2;NA;4;0;0;0;0;1,
2011;24.03.2011;LE_MESNIL_MAUGER;14422;N09_SHENDAYA;90;2;1;2;0;1;0;1;1,
2009;24.04.2009;SAINT_AUBIN_DE_SCELLON;27512;KOPPELIA;97;NA;1;3;0;NA;0;0;1,
2012;24.07.2012;CANTELEU;76157;MISTY;NA;2;11;4;0;1;NA;1;1,
2007;24.08.2007;FONTANIL_CORNILLON;38170;DOMINO;NA;21;1;4;0;NA;NA;0;1,
2012;24.09.2012;SAINT_GERMAIN_EN_LAYE;78551;MIKADO;18;2;NA;1;1;0;3;1;1,
2010;24.12.2010;ENNERY;95211;HONEYMOON;97;15;1;5;1;0;NA;1;1,
2011;24.12.2011;JEUXEY (NA);88253;GIPSY;NA;18;2;1;NA;NA;NA;0;1,
2011;24.12.2011;MAISON_ROUGE;77272;CISKO;NA;1;3;3;0;0;NA;0;1,
2010;25.01.2010;EZANVILLE;95229;FUNICUT;100;17;1;4;0;0;NA;0;1,
2011;25.01.2011;PRETREVILLE;14522;CANTA_CON_ARDOR;90;0.9;3;3;0;1;0;1;1,
2011;25.05.2011;SAINT_GERMAIN_DU_CRIOULT;14585;HERA_DAIRIE;108;16;1;3;0;1;NA;1;1,
2008;25.06.2008;ARGELOS;64043;N/POLLYS_DANCE;NA;NA;NA;NA;0;0;NA;0;1,
2009;25.06.2009;LE_BURGAUD;31093;TOULOUSE_EN_TOP;118;NA;3;3;0;NA;0;0;1,
2007;25.09.2007;BOISSY_SAINT_LEGER;94004;PINK_JIEL;108;4;1;5;0;0;NA;0;1,
2007;25.09.2007;NOUVOITOU;35204;PERLINE;18;4;1;4;NA;NA;NA;0;1,
2010;25.10.2010;JURQUES;14347;LANCIA;80;11;1;4;0;0;NA;0;1,
2006;25.11.2006;CHALIFERT;77075;POUNKY;18;6;2;1;0;0;NA;0;1,
2010;25.11.2010;CHEMAZE;53066;CASCADA;90;2;1;NA;0;NA;0;0;1,
2010;25.11.2010;LAMORLAYE;60346;BELLA_BRENTANA;54;5;1;3;0;NA;0;0;1,
2009;26.01.2009;TORCY;77468;EMIR_DU_COCHET;10;17;2;1;1;0;0;1;1,
2011;26.01.2011;BEC_DE_MORTAGNE;76068;CALANGA;NA;NA;NA;1;0;0;0;0;1,
2012;26.01.2012;TREGLONOU;29290;ROHIRRIM_LOMIG;108;2;6;5;0;0;0;0;1,
2009;26.04.2009;BIONVILLE_SUR_NIED;57085;KURTA;97;33;1;6;0;0;0;0;1,
2011;26.04.2011;AUFFARGIS;78030;ATHOS;NA;1;3;3;NA;NA;NA;0;1,
2011;26.04.2011;SAINT_MARTIN_DE_BOSCHERVILLE;76614;TAIWAN;86;4;1;1;0;0;0;0;1,
2011;26.04.2011;TOURGEVILLE;14701;ALABAMA;NA;NA;1;3;0;0;0;0;1,
2010;26.07.2010;GRETZ_ARMANVILLIERS;77215;HIGHLANDER;97;16;2;2;0;0;0;0;1,
2006;26.08.2006;CONCHES_SUR_GONDOIRE;77124;BOLERO;75;15;2;4;0;0;NA;0;1,
2007;26.08.2007;BRIZAY;37040;ORION;49;12;1;5;0;NA;NA;0;1,
2009;26.08.2009;FORGES_LES_EAUX;76276;GENIPHON;108;5;2;6;0;1;0;1;1,
2010;26.08.2010;TONNOY;54527;QUALITY_MOUSSE;10;NA;NA;4;0;0;0;0;1,
2011;26.09.2011;RIGNAC;12199;RIGNAC_BOY;116;6;2;1;0;0;0;0;1,
2012;26.10.2012;SAINT_LEGER_EN_YVELINES;78562;GOLD;NA;2;18;1;NA;NA;NA;0;1,
2009;27.02.2009;CREHANGE;57159;IZNOGOUD;16;13;2;4;NA;NA;NA;0;1,
2012;27.02.2012;ACQUEVILLE;50001;NIKITA_DU_VAL;108;1;11;3;0;1;0;1;1,
2012;27.04.2012;MAGNE;79162;BREEZER;NA;NA;NA;5;0;0;0;0;1,
2011;27.05.2011;NEUFMOUTIERS_EN_BRIE;77336;EL_LENA_SKEETS;92;4;1;5;0;0;0;0;1,
2011;27.05.2011;NEUFMOUTIERS_EN_BRIE;77336;LIL_GRAYS_FRECKLES;92;4;1;5;0;1;0;1;1,
2011;27.06.2011;AMPLEPUIS;69006;THE_FOR_TWO;97;4;1;2;0;NA;0;0;1,
2012;27.06.2012;LA_REORTHE;85188;KALINKA;69;1;14;4;0;0;0;0;1,
2012;27.06.2012;STE_PEXINE;85261;C_KACIA;97;3;0.2;3;NA;NA;0;0;1,
2009;27.07.2009;BOSROBERT;27095;RIQUETTE;90;6;1;3;0;1;NA;1;1,
2010;27.07.2010;PONTCHATEAU;44129;GEPETTO;100;18;2;4;0;0;0;0;1,
2011;27.07.2011;ENTRAIGUES_SUR_LA_SORGUE;84043;GALLO_DEL_SAIL;92;6;3;2;0;NA;1;1;1,
2011;27.09.2011;REIMS;51454;QUININE;NA;6;1;4;0;0;0;0;1,
2006;27.11.2006;MONTIGNY_SUR_LOING;77312;WINNER;75;NA;1;5;0;NA;NA;0;1,
2009;27.11.2009;VAUVERT;30341;POLY;75;25;2;4;0;NA;1;1;1,
2010;27.12.2010;ENNERY;95211;MFUL;90;7;2;1;1;0;NA;1;1,
2011;28.01.2011;ACHERES_LA_FORET;77001;QUIABAICHI_MONTROYER;97;7;2;1;0;0;NA;0;1,
2007;28.03.2007;TAUXIGNY;37254;BETTY;118;30;1;1;0;NA;NA;0;1,
2011;28.03.2011;MAINCY;77269;BLUE_BEAR_BD_BOTTON;76;1;3;3;0;1;0;1;1,
2011;28.03.2011;ROUHLING;57598;PRINCE;108;30;2;4;0;0;0;0;1,
2009;28.05.2009;JUILLY;77241;ORAS_PARCK;108;7;2;1;0;1;0;1;1,
2010;28.09.2010;LA_SAUVETAT_DE_SAVERES;47289;PEGASE;75;18;2;4;0;0;0;0;1,
2011;28.10.2011;OGY;57523;VIOLETTE;59;23;1;4;NA;NA;0;0;1,
2011;29.03.2011;SAINT_GILLES;30258;ATKA_DES_ISCLES;28;1;1;3;0;NA;NA;0;1,
2007;29.05.2007;BREHAN;56024;LARA_;NA;8;1;3;NA;NA;NA;0;1,
2007;29.05.2007;BREHAN;56024;MARGOTTE;NA;7;1;3;NA;NA;NA;0;1,
2007;29.05.2007;NOUVOITOU;35204;CATHY;18;12;1;4;NA;NA;NA;0;1,
2006;29.06.2006;VAHL_LES_FAULQUEMONT;57686;BAMBINO;75;16;2;4;NA;NA;NA;0;1,
2009;29.07.2009;SAINT_ETIENNE_L_ALLIER_;27538;SWEET_MELODY_;108;3;1;2;0;0;NA;0;1,
2009;29.07.2009;VILLING;57720;CARMEN_;89;11;1;3;0;1;0;1;1,
2007;29.08.2007;EGLY;91207;BELLADONA;NA;NA;NA;NA;NA;NA;NA;0;1,
2011;29.08.2011;NEUVY_AU_HOULME_;61308;VALJEAN_DU_RIB;108;2;3;2;0;1;0;1;1,
2009;29.09.2009;SABRES;40246;GOLDENEYE;11;13;2;4;0;0;0;0;1,
2012;29.10.2012;BARBIZON;77022;GORTROE_LADY;37;1;7;1;0;0;0;0;1,
2012;29.10.2012;BARBIZON;77022;CHURCHTOWN_AVRIL;37;1;3;1;0;0;NA;0;1,
2006;29.11.2006;CLEVILLE;14163;SACHA_JOLIE;108;0.5;1;NA;0;NA;NA;0;1,
2006;29.11.2006;CLEVILLE;14163;PAREVENT;108;3;3;NA;1;NA;NA;1;1,
2006;29.11.2006;PONT_D_OUILLY;14764;LUNA_KYA;90;1;1;3;0;0;NA;0;1,
2011;29.12.2011;BOURSEUL;22014;BELLA;97;0.9;1;3;1;0;0;1;1,
2009;30.01.2009;COULLONS;45108;SUPERSTAR_DE_BALLIERE;97;3;3;2;0;1;0;1;1,
2009;30.01.2009;ROUVROY_EN_SANTERRE;80682;NOVA_SCOTIA;108;8;1;3;0;NA;NA;0;1,
2008;30.05.2008;HEROUVILLETTE;14328;STELLA_DU_CAP_VERT;108;2;1;2;0;NA;NA;0;1,
2009;30.05.2009;ACQUIN;62008;URBINO_D_INGLEBERT;12;1;3;4;0;0;0;0;1,
2008;30.07.2008;BALNOT_LA_GRANGE (VAUDRON);10028;HAIK_DU_BOILA;65;13;2;3;1;NA;NA;1;1,
2012;30.07.2012;OMMEEL;61315;ARLECCHINA;90;1;12;3;1;0;NA;1;1,
2008;30.08.2008;BONNIERES_SUR_SEINE;78089;QUEZAC;18;4;2;1;0;0;0;0;1,
2009;30.08.2009;LA_COCHERE;61110;MOON_BABY;90;11;1;3;1;0;NA;1;1,
2009;30.08.2009;LA_COCHERE;61110;CAPEWORK;90;12;1;3;1;NA;NA;1;1,
2011;30.09.2011;CHATEAUNEUF_LES_MARTIGUES;13026;VEAMER;97;2;3;0;0;0;0;0;1,
2010;30.12.2010;L_ISLE_ADAM;95313;JOYEUSE;97;13;1;5;0;0;NA;0;1,
2010;30.12.2010;L_ISLE_ADAM;95313;LECOR_DU_TONNERE;97;11;2;5;0;0;NA;0;1,
2010;30.12.2010;L_ISLE_ADAM;95313;GRAND_DES_NOUES;97;16;2;5;1;0;NA;1;1,
2010;30.12.2010;L_ISLE_ADAM;95313;IDEAL;97;14;2;NA;1;0;NA;1;1,
2010;30.12.2010;L_ISLE_ADAM;95313;IDYLLE;118;14;1;4;1;0;NA;1;1,
2010;30.12.2010;L_ISLE_ADAM;95313;RASTROJERO;89;8;3;5;1;0;NA;1;1,
2010;30.12.2010;L_ISLE_ADAM;95313;SAKARA_SONTE;110;4;1;4;1;0;NA;1;1,
2010;30.12.2010;L_ISLE_ADAM;95313;TOLBERT;98;10;2;5;1;0;NA;1;1,
2010;30.12.2010;L_ISLE_ADAM;95313;MARINA;97;10;1;4;NA;NA;NA;0;1,
2010;30.12.2010;L_ISLE_ADAM;95313;POPELINE;NA;NA;NA;NA;NA;NA;NA;0;1,
2006;31.01.2006;GUERANDE;44069;JAVA;97;8;1;5;1;0;NA;1;1,
2010;31.03.2010;SABLONNIERES;77398;TOSCAN;116;25;2;4;0;1;0;1;1,
2008;31.07.2008;BLANGY_LE_CHÂTEAU;14077;N_BELLE_D_AUSSY;108;0.3;1;3;0;NA;NA;0;1,
2008;31.07.2008;SAINT_MARTIN_DU_MONT;1374;PRUNELLE;97;5;1;1;0;0;NA;0;1,
2012;31.07.2012;BENQUE;31063;ULTAIA_;NA;1;NA;4;0;1;NA;1;1,
2011;31.08.2011;NUEIL_SUR_LAYON;49232;BAMBOU_DE_NOYAL;108;0.5;3;3;0;1;0;1;1,
2012;31.08.2012;SAINT_PIERRE_DU_PERRAY;91573;REFLET_DE_MAILLOC;NA;NA;NA;1;1;0;3;1;1,
2009;31.10.2009;TREVRON;22380;PRINTEMPS;75;6;2;4;0;1;0;1;1,
2011;31.12.2011;RICHERENCHES;84097;SUKASH;92;7;2;5;NA;NA;0;0;1,
2012;31.12.2012;PLEDRAN;22176;LICORNE;NA;1;NA;3;NA;NA;NA;0;1,
2013;03.01.2013;ILLE SUR TET;66088;BLACK CLOUD ;65;1;2;4;0;1;0;1;1,
2013;08.01.2013;ESPIRA DE L AGLY;66069;SHERKAN;16;15;2;4;0;0;NA;0;1,
2013;08.01.2013;Marcy lEtoile;69127;Alvaro;97;2;3;3;0;0;0;0;1,
2013;09.01.2013;HAMEAU DES CLAUSES MONTSERET;11256;LUZERO;NA;20;2;4;0;0;0;0;1,
2013;14.01.2013;almeneches;61002;bella winner;108;2;1;2;0;NA;NA;0;1,
2013;14.01.2013;LESIGNY;77249;VAN DAMME;86;3;2;1;0;0;0;0;1,
2013;21.01.2013;Saint Augustin;77400;Miel des Rosiers;97;13;2;5;0;0;NA;0;1,
2013;29.01.2013;GRENADE;31232;KIEF;97;15;2;4;0;NA;0;0;1,
2013;29.01.2013;Saint jean de marsacq;40264;Macumba;NA;8;1;1;0;0;NA;0;1,
2013;09.02.2013;malville;44089;ilot de rampan;97;17;2;4;1;1;NA;1;1,
2013;18.02.2013;beaumont du lac;87009;ARVAL;NA;NA;2;3;0;0;NA;0;1,
2013;01.03.2013;TINTRY;71539;FANFAN VILLAUD;97;NA;1;3;0;0;NA;0;1,
2013;06.03.2013;SANARY SUR MER;83123;CANTERA-CAN;89;11;1;3;0;NA;NA;0;1,
2013;25.03.2013;la ferrière bechet;61164;n12 nahema;108;1,5;3;3;0;0;NA;0;1
2013;02.04.2013;PAREMPUYRE;33312;OSCAR;97;11;2;5;0;0;NA;0;1,
2013;03.04.2013;BOUHANS ET FEURG;70080;RADJA DE LA TOUR;97;8;1;4;0;0;0;0;1,
2013;26.04.2013;Bieville Quietieville;14527;MUSE;108;NA;1;3;0;0;0;0;1,
2013;29.04.2013;SAINT CYR BOCAGE;50461;ACTION DELQUE;97;3;1;3;0;0;0;0;1,
2013;29.04.2013;ARS LAQUENEXY;57031;JASMINE;11;15;1;4;0;0;0;0;1,
2013;02.05.2013;lisle sur sorgue;84054;Pilgrim (TINOBLASCO°;90;12;2;1;0;0;NA;0;1,
2013;17.05.2013;SAINT SATURNIN;16348;SPIRIT;86;10;3;1;0;NA;NA;0;1,
2013;23.05.2013;Marcy letoile;69127;Fa Daahlina;12;13;1;3;0;1;NA;1;1,
2013;07.06.2013;PIERRECLOS;71350;BANCO;97;2;3;3;NA;NA;NA;NA;1,
2013;10.06.2013;sarge les le mans;72328;hickory du defey;NA;NA;2;1;0;0;0;0;1,
2013;12.06.2013;NIMES;30939;PHARONE;86;10;1;5;1;1;0;1;1,
2013;12.06.2013;NIMES;30939;Salto des Vergers;10;7;2;5;0;0;0;0;1,
2013;13.06.2013;saint malon sur mel;35290;CARMA DE SAINT JEAN;63;1;1;3;0;0;0;0;1,
2013;21.06.2013;gouville sur mer;50215;jupiter;86;20;2;4;0;0;NA;0;1,
2013;30.06.2013;THEZAN LES BEZIERS;34310;TONANTE;16;13;1;3;0;1;0;1;1,
2013;03.07.2013;Le touquet;62826;jestre de civry;56;16;2;1;0;NA;NA;0;1,
2013;04.07.2013;MONT DE MARSAN;40192;PROVENCAL;90;3;2;2;1;1;0;1;1,
2013;04.07.2013;MONT DE MARSAN;40192;ROOKE;90;3;2;2;0;NA;NA;0;1,
2013;04.07.2013;MONT DE MARSAN;40192;FALKHAIR;90;2;3;2;0;NA;NA;0;1,
2013;04.07.2013;MONT DE MARSAN;40192;ADI CHOP;90;2;3;2;0;NA;NA;0;1,
2013;12.07.2013;gouville sur mer;50215;tina;100;5;1;4;NA;NA;NA;NA;1,
2013;15.07.2013;ROQUEFORT LA BEDOULE;13085;IDEFIX;NA;17;2;4;0;NA;0;0;1,
2013;17.07.2013;CANDILLARGUES;34050;Rebelle;28;NA;1;3;NA;NA;NA;NA;1,
2013;18.07.2013;SONCHAMP;78601;VIVALDI;NA;4;2;4;0;NA;NA;0;1,
2013;22.07.2013;LES EPESSES;85082;NAIO-IA DU PUY DU FOU;63;20;2;4;0;NA;NA;0;1,
2013;22.07.2013;ETRECHY;91226;FALLOUX;NA;NA;2;4;0;0;0;0;1,
2013;23.07.2013;LIZIO;56112;poulain de rocket;NA;0,3;1;3;0;1;0;1;1
2013;23.07.2013;Cuers;83049;Xita;118;10;1;1;0;NA;0;0;1,
2013;24.07.2013;MEOUNES;83077;CHARLY WHITE;NA;NA;2;1;0;1;0;1;1,
2013;05.08.2013;SAINT CALAIS DU DESERT;53204;CELTIC DU BOIS;108;2;3;3;0;0;0;0;1,
2013;05.08.2013;la crau;83047;quark;10;10;2;4;0;0;0;0;1,
2013;12.08.2013;saint genies de malgoires;30255;caline du cypres;28;1;1;3;NA;NA;0;NA;1,
2013;12.08.2013;saint jean de serre;30267;Cailane;91;1;1;3;0;NA;NA;0;1,
2013;14.08.2013;LEGE CAP-FERRET;33236;MALIKA DU TEMPLE;97;12;NA;4;0;1;0;1;1,
2013;16.08.2013;NAGES ET SOLORGUES;30186;SOLITAIRE;NA;29;2;4;NA;NA;0;NA;1,
2013;20.08.2013;Jumilhac;24218;kinetic;116;26;2;NA;NA;NA;NA;NA;1,
2013;20.08.2013;Jumilhac le grand;24218;Graf;54;30;2;NA;NA;NA;NA;NA;1,
2013;24.08.2013;ANCERVILLE;57020;SATINE 2;18;1;NA;4;NA;NA;NA;NA;1,
2013;24.08.2013;WOUSTVILLER;57752;ESPOIR;108;NA;2;4;0;0;0;0;1,
2013;29.08.2013;tarascon;13108;brennus;97;2;3;3;0;1;0;1;1,
2013;09.09.2013;SOISSONS;2722;NELSON CLARY;97;12;2;4;0;1;0;1;1,
2013;11.09.2013;lamentin;97115;ANE;15;1;3;3;0;1;NA;1;1,
2013;13.09.2013;buc;78117;PRINCE DES BOIS;75;NA;2;1;NA;NA;NA;NA;1,
2013;13.09.2013;buc;78117;LOBELIA DE LANDEVES;97;NA;NA;1;NA;NA;NA;NA;1,
2013;22.09.2013;SAINT GILLES;30258;PRINCESSE;10;10;1;2;0;1;0;1;1,
2013;30.09.2013;ROZ LANDRIEUX;35246;VALDESS WINZER;53;5;2;4;1;1;0;1;1,
2013;02.10.2013;plerguer;35224;Myrtille;NA;NA;1;3;0;NA;NA;0;1,
2013;02.10.2013;Maisons Laffitte;78358;Maya;97;14;1;NA;0;0;0;0;1,
2013;15.10.2013;Villemaur sur vannes;10415;TITUS;97;16;2;NA;0;NA;NA;0;1,
2013;15.10.2013;SANRY LES VIGY;57626;QUEEN ;17;NA;1;3;0;NA;0;0;1,
2013;21.10.2013;saint laurent daigouze;30276;alcazar;89;6;2;4;0;0;0;0;1,
2013;23.10.2013;CHAMBERET;19036;Foal Sary;10;0,5;3;3;0;1;0;1;1
2013;07.11.2013;Vigneux de Bretagne;44217;Coquine;97;1;1;4;0;1;NA;1;1,
2013;12.11.2013;Mannevillette;76409;Bellini de Saulieu;96;6;2;NA;0;NA;NA;0;1,
2013;25.11.2013;ALLAN;26005;ROYAL SON GRANIT;37;8;3;3;0;0;0;0;1,
2013;27.11.2013;MURET;31395;ROCK DE LORANE;97;8;2;4;0;NA;NA;0;1,
2013;02.12.2013;Saint Jean Pla de Corts;66178;valasco de Gama;10;25;2;4;0;0;0;0;1,
2013;23.12.2013;st andré de sangonis;34239;cardabelle;5;2;1;4;0;1;0;1;1,
2013;23.12.2013;ARRO;20022;cardabelle;5;2;1;4;0;1;0;1;1,
